{"cameraMode":{"drawMode":0,"name":"Shaded","section":"Shading Mode"},"sceneLighting":true,"audioPlay":false,"sceneViewState":{"m_AlwaysRefresh":false,"showFog":true,"showSkybox":true,"showFlares":true,"showImageEffects":true,"showParticleSystems":true,"showVisualEffectGraphs":true,"m_FxEnabled":true},"in2DMode":false,"pivot":{"x":761.9618530273438,"y":470.6441650390625,"z":-84.87310028076172},"rotation":{"x":0.12606854736804963,"y":0.09631815552711487,"z":-0.009270050562918187,"w":0.9872919321060181},"size":81.39410400390625,"orthographic":false}