{"cameraMode":{"drawMode":0,"name":"Shaded","section":"Shading Mode"},"sceneLighting":false,"audioPlay":false,"sceneViewState":{"m_AlwaysRefresh":false,"showFog":true,"showSkybox":false,"showFlares":true,"showImageEffects":true,"showParticleSystems":true,"showVisualEffectGraphs":true,"m_FxEnabled":true},"in2DMode":false,"pivot":{"x":-3.890000104904175,"y":3.069999933242798,"z":104.97000122070313},"rotation":{"x":-0.035298027098178866,"y":0.14637379348278047,"z":0.0052264537662267689,"w":0.9885866641998291},"size":3.3538124561309816,"orthographic":false}